trial,standard_sqnr_db,bfp_sqnr_db
0,57.09747881519128,57.09747881519128
1,56.992970054539065,56.992970054539065
2,57.18230435254847,57.18230435254847
3,56.872465846277,56.872465846277
4,57.26967987925814,57.26967987925814
5,57.197488033710535,57.197488033710535
6,57.25817965064151,57.25817965064151
7,57.10324144308623,57.10324144308623
8,57.083239137547764,57.083239137547764
9,57.10770735529572,57.10770735529572
10,57.40199501831984,57.40199501831984
11,57.17158361296835,57.17158361296835
12,57.14561069635201,57.14561069635201
13,57.153718652542416,57.153718652542416
14,56.87180800902037,56.87180800902037
15,57.25349485012188,57.25349485012188
16,57.16345513381238,57.16345513381238
17,57.21757500684268,57.21757500684268
18,56.94879766707243,56.94879766707243
19,57.167821566290385,57.167821566290385
20,57.23788854418892,57.23788854418892
21,57.14437219948061,57.14437219948061
22,57.10569999413471,57.10569999413471
23,57.34714185750735,57.34714185750735
24,57.07346496344611,57.07346496344611
25,57.08157703755258,57.08157703755258
26,57.04437437009653,57.04437437009653
27,57.04561800933101,57.04561800933101
28,57.19506960160463,57.19506960160463
29,57.07229999898392,57.07229999898392
30,56.96076017226454,56.96076017226454
31,56.99348455429458,56.99348455429458
32,57.39924516206263,57.39924516206263
33,57.12307755018302,57.12307755018302
34,57.26789997706676,57.26789997706676
35,57.07637335003945,57.07637335003945
36,57.43335103868297,57.43335103868297
37,56.760680665997526,56.760680665997526
38,56.94311976936576,56.98095517959644
39,57.12119154179681,57.12119154179681
40,56.876290853310074,56.876290853310074
41,57.15554521036246,57.15554521036246
42,57.25225522241854,57.25225522241854
43,56.895774004431026,56.895774004431026
44,56.90259704168349,56.90259704168349
45,56.865063588124805,56.865063588124805
46,57.09791234448637,57.09791234448637
47,57.2072127628763,57.2072127628763
48,57.09820871976659,57.09820871976659
49,57.105437283771096,57.105437283771096
50,57.10681211737945,57.10681211737945
51,57.00972938986706,57.00972938986706
52,57.18255846450269,57.18255846450269
53,57.219813455381114,57.219813455381114
54,57.52659379725492,57.52659379725492
55,57.243663407035505,57.243663407035505
56,57.11323915180735,57.11323915180735
57,57.196480597114686,57.196480597114686
58,57.07911166991245,57.07911166991245
59,57.20008822059996,57.20008822059996
60,57.329473674238,57.329473674238
61,56.999715717647206,57.00077190567171
62,57.03373700706493,57.03373700706493
63,57.13595117403628,57.13595117403628
64,57.054082735683096,57.054082735683096
65,57.0984015502788,57.0984015502788
66,57.0805035741353,57.0805035741353
67,57.14332719512204,57.14332719512204
68,56.85241278459041,56.85241278459041
69,56.99359782179737,56.99359782179737
70,57.240649112754234,57.240649112754234
71,57.18445104745895,57.18445104745895
72,57.14530710882099,57.14530710882099
73,56.77836216456727,56.77836216456727
74,57.303403853692814,57.303403853692814
75,56.97546504328032,56.97546504328032
76,57.20948306005443,57.20948306005443
77,57.666268127549635,57.666268127549635
78,57.073510160746764,57.073510160746764
79,56.86709508831449,56.86709508831449
80,56.87273905285609,56.87273905285609
81,56.82167401519408,56.82167401519408
82,57.015419750958586,57.015419750958586
83,57.0819312792341,57.0819312792341
84,57.15360617428605,57.15360617428605
85,56.85042635007292,56.85042635007292
86,57.30368273780893,57.30368273780893
87,57.06088031685064,57.06088031685064
88,57.38861379699998,57.38861379699998
89,56.78917669331067,56.78917669331067
90,57.32740014095771,57.32740014095771
91,57.06487364873101,57.06487364873101
92,57.11164491295773,57.11164491295773
93,57.05688636821991,57.05688636821991
94,56.89031237156381,56.89031237156381
95,57.24345431757741,57.24345431757741
96,56.934319468358304,56.934319468358304
97,57.1088835930869,57.1088835930869
98,57.431924068488264,57.431924068488264
99,57.057570795251635,57.057570795251635
100,57.118513352216986,57.118513352216986
101,57.176934005547686,57.176934005547686
102,57.29558115659444,57.29558115659444
103,57.00744138428558,57.00744138428558
104,57.36833496073726,57.36833496073726
105,57.19104650647716,57.19104650647716
106,56.990133206901845,56.990133206901845
107,57.10482374416638,57.10482374416638
108,57.216130608925695,57.216130608925695
109,57.081281014712665,57.081281014712665
110,56.872880423237184,56.872880423237184
111,57.30800080320121,57.30800080320121
112,57.31273549024304,57.31273549024304
113,56.86365824157684,56.86365824157684
114,57.11751125815455,57.11751125815455
115,57.151216343481146,57.151216343481146
116,57.03983529492258,57.03983529492258
117,56.944373301514645,56.944373301514645
118,57.08173532320424,57.08173532320424
119,56.73519852331385,56.73519852331385
120,57.01423307484512,57.01423307484512
121,57.46619857633007,57.46619857633007
122,57.08002322753691,57.08002322753691
123,57.02925755932306,57.02925755932306
124,56.920583068752094,56.920583068752094
125,57.323038763451294,57.323038763451294
126,56.99062417527049,56.99062417527049
127,57.180483931069915,57.180483931069915
128,56.783373290440416,56.783373290440416
129,57.36759318942688,57.36759318942688
130,57.02272246793254,57.02272246793254
131,56.924537802765556,56.924537802765556
132,56.76367563093809,56.76367563093809
133,56.97247445304619,56.97247445304619
134,57.18962316076677,57.18962316076677
135,56.90879969042675,56.90879969042675
136,57.32658325915227,57.32658325915227
137,56.88897262242598,56.88897262242598
138,57.0243115694586,57.0243115694586
139,57.227710258010006,57.227710258010006
140,57.15037267289486,57.15037267289486
141,57.08064879232442,57.08064879232442
142,57.10484067607925,57.10484067607925
143,56.98783757168297,56.98783757168297
144,56.981622086956286,56.981622086956286
145,57.01834971383156,57.01834971383156
146,56.97063475931559,56.97063475931559
147,57.279973934678466,57.279973934678466
148,57.13909090559646,57.13909090559646
149,57.29937913350553,57.29937913350553
150,57.27484525810634,57.27484525810634
151,57.04715204029028,57.04715204029028
152,56.85614552798559,56.85614552798559
153,57.19862947730361,57.19862947730361
154,57.15313989905777,57.15313989905777
155,57.10092944699952,57.10092944699952
156,56.91586206821388,56.91586206821388
157,56.98787312325446,56.98787312325446
158,57.02652910045501,57.02652910045501
159,56.95797840121994,56.95797840121994
160,56.86053770753468,56.86053770753468
161,56.90461967006641,56.90461967006641
162,56.92158406672145,56.92158406672145
163,56.971669766247615,56.971669766247615
164,56.95037247094628,56.95037247094628
165,56.72568690872147,56.72568690872147
166,57.21372237072511,57.21372237072511
167,57.681940163844445,57.681940163844445
168,57.276949429637405,57.276949429637405
169,57.061291349209526,57.061291349209526
170,56.987399210427185,56.987399210427185
171,57.040222714001644,57.040222714001644
172,57.090090402120246,57.090090402120246
173,57.20721330025256,57.20721330025256
174,57.1427575425868,57.1427575425868
175,57.25917049583063,57.25917049583063
176,57.108429242549335,57.108429242549335
177,57.270237857968674,57.270237857968674
178,57.03200039915554,57.03200039915554
179,57.34668018259803,57.34668018259803
180,56.921613596763116,56.921613596763116
181,57.04206148161309,57.04206148161309
182,57.075445708223484,57.075445708223484
183,56.994020284275926,56.994020284275926
184,57.02216659125352,57.02216659125352
185,57.10547728634719,57.10547728634719
186,56.82286598744128,56.82286598744128
187,57.261328329866075,57.261328329866075
188,57.14436477833714,57.14436477833714
189,57.26623853153137,57.26623853153137
190,57.00125551749802,57.00125551749802
191,57.20799998792738,57.20799998792738
192,57.000277259341765,57.000277259341765
193,57.307680723344305,57.307680723344305
194,57.341146479209385,57.341146479209385
195,57.04946325100698,57.04946325100698
196,57.248544599395366,57.248544599395366
197,57.17627686559446,57.17627686559446
198,57.10833927061664,57.10833927061664
199,57.32125941287294,57.32125941287294
