trial,raw_sqnr_db,aligned_sqnr_db,alpha_real,alpha_imag
0,56.36358775811593,56.40302208842997,1.0001084225862642,-9.555413855263195e-05
1,56.358807530959076,56.405439226704075,1.000120099698279,-0.00010139756493241517
2,56.293780934795336,56.342666443406124,1.0001179472739563,-0.00011122813953568262
3,56.376485741219675,56.399497320281704,1.000059847060012,-9.269227044994944e-05
4,56.2455534090096,56.30866914993809,1.0001597621361291,-9.346625255944901e-05
5,56.436853293141674,56.480983362997506,1.0001064206707426,-0.00010790856190003294
6,56.28355078230223,56.325138523850605,1.000114521617013,-9.651840586134883e-05
7,56.500957239267755,56.56326146401114,1.0001397919754618,-0.00011112043319503012
8,56.413157333247426,56.47915521985969,1.0001649964462365,-8.504856886734074e-05
9,56.37209750521617,56.413134186622436,1.0001133772029893,-9.398938857543227e-05
10,56.362932398143705,56.40868570277068,1.000113121526417,-0.00010687679149050454
11,56.33354129417188,56.39892330138078,1.000138024550828,-0.00012536706744896035
12,56.35317690803868,56.39886533865606,1.0001271483001284,-8.985179593307377e-05
13,56.40506994578224,56.45685935449251,1.0001284540564686,-0.00010310746311372707
14,56.356708282610704,56.39970544705307,1.0000938053880484,-0.00011832041570978736
15,56.52272174611955,56.570907798656506,1.0001203293334697,-0.00010049775012262841
16,56.458473356330146,56.5059519580592,1.0001234881374925,-9.660155452594311e-05
17,56.35203093517035,56.39668763695383,1.000108243466235,-0.00010947223327424898
18,56.3982142574975,56.45213834932033,1.0001290105775607,-0.0001079069575458007
19,56.459565724031016,56.49154923857654,1.0000925082628436,-8.958473584290081e-05
20,56.29468930442778,56.344698783886635,1.000116456650148,-0.00011539598834474245
21,56.32885253887525,56.37198294558517,1.0001085348711922,-0.00010600702602562472
22,56.26202314393861,56.33278234696778,1.000157940420555,-0.00011525867981833689
23,56.401544125912494,56.435503109246206,1.0000832257612091,-0.00010446708403221568
24,56.41348221600034,56.43540049453521,1.0000607726318798,-8.834562819255629e-05
25,56.401876590279166,56.45230269774536,1.000102059474926,-0.00012658366684263763
26,56.3304552652044,56.38641870449639,1.000135814094451,-0.00010661626886406903
27,56.2842989986101,56.32601742796158,1.0001168723830285,-9.401185846528033e-05
28,56.33578446217231,56.38691665829122,1.0001235842448117,-0.00010930140419107395
29,56.395097105330876,56.470307990440446,1.0001631811812044,-0.00011296388821382001
30,56.44483686051422,56.49606303898787,1.000119803666137,-0.00011063569595839275
31,56.44261645513777,56.48853810832836,1.0001341386273745,-7.663988385348523e-05
32,56.515627450057195,56.57153837211383,1.000123936709115,-0.00011480618548843962
33,56.43869935884865,56.49369010582474,1.0001228453098354,-0.00011612363722414491
34,56.39258769523003,56.446890257206604,1.0001340466721111,-0.00010273093888974774
35,56.27757078487448,56.34461731007182,1.0001635614852045,-9.673595161837927e-05
36,56.28909532763473,56.326150647914034,1.0001067511633812,-9.260211852863449e-05
37,56.22022768743864,56.25744307741841,1.0001014432455146,-0.00010043156937883964
38,56.36855241072709,56.39798402301261,1.00008470283201,-9.172238964779515e-05
39,56.464283081408404,56.50402064904264,1.0001000769314348,-0.00010270263499010575
40,56.3781189343575,56.423148615852796,1.0001053819437866,-0.00011246836402664579
41,56.35530009353851,56.417143771837885,1.0001405681154598,-0.0001139115767415308
42,56.35207385860765,56.39514615959368,1.0001133406507057,-0.00010008991012979477
43,56.33284078295753,56.37246386528963,1.0001075826814068,-9.77783075613291e-05
44,56.410144208711,56.43658948277682,1.0000952343195628,-6.933924763563211e-05
45,56.41456744104445,56.446093342751226,1.0000866679849334,-9.489739959791091e-05
46,56.18964083907872,56.216946727540005,1.0000660609037575,-0.00010348443577193618
47,56.36449147201334,56.42413125031513,1.0001489493961226,-9.65634947148993e-05
48,56.386384358991094,56.4366809271618,1.000110026835172,-0.00011983652804412737
49,56.33850345860918,56.377929580630635,1.000106635891839,-9.813966502810605e-05
50,56.380176133531144,56.43188994899564,1.0001157565092977,-0.00011767627155811526
51,56.42564930205541,56.4987725149014,1.0001573440877076,-0.00011523300054168994
52,56.309315939977026,56.350773115912006,1.0001064647910523,-0.00010437212066153905
53,56.34223769390332,56.3795218891628,1.0000998185488397,-9.942529464129279e-05
54,56.28944568323999,56.33562313852902,1.000127512008584,-9.274141325762987e-05
55,56.38007045049935,56.41278940336338,1.0001015920391876,-8.340155638421571e-05
56,56.364299959532495,56.39758440943041,1.0000733576168026,-0.00011070600330395443
57,56.37982941247368,56.427719102294496,1.0001131220641268,-0.00011157404787449994
58,56.356916112640505,56.431595314899724,1.00017129418119,-0.00010058427755461457
59,56.39892141336286,56.44615400609901,1.0001195333441357,-0.00010248769500908712
60,56.42597237558977,56.47041013372273,1.0001207827164733,-9.273172059300508e-05
61,56.36013234960576,56.40807225778575,1.0001214898995427,-0.00010308833091288882
62,56.37461665269197,56.4243258801336,1.000103608460447,-0.0001244802217165304
63,56.370210166075424,56.408008158103726,1.000104162694208,-9.561693310140546e-05
64,56.38898387889719,56.43380728711344,1.0001081192991381,-0.00010907564122295158
65,56.321915860920114,56.37403443689901,1.000151618502457,-6.959836035038617e-05
66,56.38551297166551,56.43817128882403,1.0001304181615052,-0.000103439613668431
67,56.372409380082935,56.439823642780674,1.0001549603364428,-0.00010728075087873692
68,56.3504377396269,56.402948875954436,1.0001175889925586,-0.0001184392405639314
69,56.371066148938674,56.42319707057281,1.000108463808208,-0.00012553326407549063
70,56.519755831293956,56.55461761396285,1.0001074488469985,-7.92221889408749e-05
71,56.577079636794856,56.649801953535466,1.000137783708072,-0.0001324648614136158
72,56.221847495769595,56.2620558778324,1.0001077873873803,-0.00010189415095802281
73,56.33822543860758,56.38889677514526,1.0001296108665116,-0.0001008074702688035
74,56.39781502316566,56.434680889898566,1.000111914197899,-8.278571706093975e-05
75,56.386668961306526,56.44574125588994,1.0001433770224386,-0.00010245163862504026
76,56.286980621847846,56.32671674611942,1.0001078426418781,-9.894251917564073e-05
77,56.37211427956967,56.41946854288301,1.000123512966635,-9.876288384099829e-05
78,56.41367910649173,56.45528006061109,1.000115537338064,-9.179824822974796e-05
79,56.409737234167224,56.443490765194014,1.0001066381894976,-7.954929360510982e-05
80,56.338300367001544,56.38655627397355,1.000112491606207,-0.00011413749958725407
81,56.44372668010948,56.4825049527487,1.0001025028419106,-9.827261928721592e-05
82,56.4401367031956,56.500758638252925,1.0001614862959807,-7.345547865065718e-05
83,56.36324862374462,56.421321266403275,1.000127276459848,-0.00012039983932463907
84,56.38626730542387,56.45002369663369,1.0001497177323166,-0.00010528891753983868
85,56.46249028571995,56.513799458132546,1.00011815276734,-0.00011210615768285084
86,56.35511189864914,56.38346425469529,1.0000999493497154,-7.12388290387319e-05
87,56.3422205118476,56.38006399120863,1.0000880807467034,-0.00011129678224349639
88,56.53316576336433,56.57690581459285,1.0001150457230985,-9.504284868072929e-05
89,56.48540968272107,56.524178580151066,1.0000966052955198,-0.00010312179936975137
90,56.42453547790428,56.47034573264225,1.0001308973339538,-8.230623181233004e-05
91,56.32280694352382,56.37419253564911,1.0001447215303385,-8.057703741721186e-05
92,56.187173001958655,56.224444725013434,1.0000948869916582,-0.00010751769479991699
93,56.28015862284988,56.336861545347475,1.0001493141437994,-9.089448452028169e-05
94,56.574538844992986,56.6094187142584,1.000111318236314,-7.2218401018614e-05
95,56.436425225513744,56.4768230749743,1.0000988219321965,-0.0001061697002656464
96,56.55807943992285,56.59690475614889,1.0000931972561191,-0.00010477572638848137
97,56.40504781386642,56.44292396327599,1.0001000898301933,-9.927450815095506e-05
98,56.39420498727152,56.46890318931519,1.0001743807718564,-9.339701007174209e-05
99,56.458232135554276,56.5336109355396,1.0001663446110325,-0.00010600048769360165
100,56.46212480671675,56.51200539725724,1.0001067961108914,-0.00011995695494607037
101,56.46325119222449,56.51025816880694,1.0001229801082554,-9.585109099125313e-05
102,56.519254052252556,56.570287454822164,1.000096501517686,-0.00012934381248597165
103,56.49692040088601,56.55850040731633,1.0001501064221603,-9.497112215854708e-05
104,56.33290301784577,56.39116709444107,1.0001391287355939,-0.0001079619968004701
105,56.39430396395581,56.44741937501155,1.0001389663991396,-9.26283225226998e-05
106,56.41255977011832,56.45879590245765,1.0001210111505094,-9.773415634112125e-05
107,56.4578557294642,56.49749666623759,1.000109750578885,-9.219021900578638e-05
108,56.369753994176705,56.42150677211013,1.000132132282327,-9.937379600715885e-05
109,56.53502581668663,56.572842129186526,1.0000805683195266,-0.00011298268660018126
110,56.26242919181931,56.30176847983307,1.0001125620893745,-9.304253684738674e-05
111,56.21493355103645,56.24980047622021,1.0000770190826997,-0.00011483426979952234
112,56.41647532976592,56.458962623755,1.0001153313591784,-9.445546228824061e-05
113,56.43889750764256,56.48779757641417,1.0001116937300858,-0.00011380356364573274
114,56.348888502976635,56.413803547725294,1.00014023390443,-0.00012138386851035214
115,56.44479575759263,56.501661556400926,1.0001042412118752,-0.00013650968984178178
116,56.404753232210226,56.44691900979873,1.000110697035031,-9.930445352099354e-05
117,56.39099876250662,56.45045895068467,1.0001530106644323,-8.839127502993385e-05
118,56.414286087090495,56.462214609421494,1.0001160109777247,-0.00010773885687827893
119,56.252032668015055,56.29164946975368,1.000111901901826,-9.490159564823864e-05
120,56.23043816635865,56.295353100083304,1.0001332147545523,-0.0001326800655319472
121,56.40961284834599,56.442371530937514,1.0000866424882853,-9.835121237014368e-05
122,56.315334151867944,56.36552701527645,1.0001291994786192,-0.00010078008805301676
123,56.360880523588996,56.40907349288681,1.000140763314601,-7.551519528271732e-05
124,56.32337466449044,56.37766777947572,1.0001197468464003,-0.00012097606001540464
125,56.45515681362701,56.49898221837958,1.0000961018259047,-0.00011610283839815638
126,56.52767091981531,56.59284031282931,1.0001533237756113,-9.81494139460231e-05
127,56.444157518029584,56.47715531122296,1.000089746653882,-9.546386196435396e-05
128,56.41241698199944,56.47567317288808,1.0001513337361325,-0.00010069207668351488
129,56.46881205956393,56.4951540768035,1.0000836332036813,-8.150566511575434e-05
130,56.24896822840515,56.29704262735423,1.0001315112599503,-9.393179766250109e-05
131,56.358263072202604,56.397796435700585,1.000124307754471,-7.424418913031192e-05
132,56.21012848510815,56.27394321010016,1.0001443072425997,-0.00011872042252218564
133,56.36913905221882,56.46728661985889,1.0001988920865248,-0.00010963136831808684
134,56.34389901985196,56.38551420920288,1.0000964694245749,-0.0001132644926965137
135,56.57925566856078,56.62015170754488,1.00012518414932,-7.026395692827809e-05
136,56.30957725051995,56.36411821002124,1.0001231608069954,-0.00011844907462765906
137,56.28538412395927,56.324808605052716,1.0001130309736916,-9.211113905777483e-05
138,56.455371228705225,56.49351662098973,1.000099780572497,-9.913276510852977e-05
139,56.27736218458142,56.34395935302862,1.0001490544201057,-0.00011684819447941649
140,56.519248124256194,56.55581421906411,1.0001077155966174,-8.419346953547872e-05
141,56.240463730865784,56.292156381748974,1.0001384542490068,-9.464841264070269e-05
142,56.3882660817839,56.434228347275564,1.0001141659733737,-0.00010561169617728604
143,56.26349722696479,56.30537357908676,1.0001262477054227,-8.217360664747581e-05
144,56.565748254599264,56.60301278976362,1.0000832269065159,-0.00010916130100700438
145,56.44616368804476,56.50621138123245,1.0001435498735616,-0.00010259890058356903
146,56.33890736618503,56.3848220825654,1.0001088153341904,-0.00011224060990035365
147,56.39034802422376,56.42671387439193,1.000085933773349,-0.00010846114324540315
148,56.36081651210338,56.410690624202175,1.000124623758101,-0.00010426087279415212
149,56.31099584085913,56.36181142192062,1.0001357272340854,-9.373328196061168e-05
150,56.36544489784956,56.41633234881134,1.000133235584089,-9.568045256794061e-05
151,56.29259042606751,56.33599571750885,1.0001001794047275,-0.00011541743945330898
152,56.25028557527561,56.29328917059979,1.0001160805588538,-9.947152400293621e-05
153,56.510854026252055,56.55324361423821,1.0001115360417474,-9.620398340983384e-05
154,56.39150332564745,56.43133483039679,1.0001239663306625,-7.478826811447309e-05
155,56.5450670248927,56.58633000364861,1.0000964253085947,-0.00010796946541154483
156,56.39235666174176,56.44307707896662,1.0001398101807384,-8.429980638970198e-05
157,56.43466067706554,56.48076750760005,1.0001151421872818,-0.00010367196938091325
158,56.463369258350866,56.49711593954979,1.0000968706970659,-8.997083387373812e-05
159,56.42841247450942,56.479264972566696,1.0001179848008266,-0.00011215989185317721
160,56.43177452224022,56.47467057662358,1.0001005959365525,-0.00011062010502142365
161,56.299668136272004,56.35725784200809,1.0001305033460262,-0.00011772792333773867
162,56.40610378656635,56.462849288040935,1.0001260702660923,-0.00011751663157832445
163,56.54574552871043,56.59855578734036,1.0001405056923298,-8.390618262917852e-05
164,56.53262202769093,56.565958142551494,1.000098240232693,-8.568896400153612e-05
165,56.398874092644995,56.44432157765803,1.0001201208244994,-9.711401294655112e-05
166,56.45637783529088,56.495945939394474,1.0001095767702557,-9.223098988291964e-05
167,56.273440978690424,56.32052448629355,1.0001191829778944,-0.0001059905605468011
168,56.4606867748914,56.52130883965236,1.0001463643258204,-9.950657678843996e-05
169,56.4858554292956,56.52578474544001,1.0001029926319456,-9.976097667577776e-05
170,56.439799603083465,56.5031677744943,1.0001304424843118,-0.00012599289234696207
171,56.265416975632796,56.3083794288647,1.0001258892699014,-8.612884618313405e-05
172,56.3136858144961,56.35729447288492,1.0001228602979457,-9.087730150839342e-05
173,56.437987903125546,56.50171827374548,1.0001410777148216,-0.00011483748019791625
174,56.35217480532701,56.39790134288715,1.0001301445404616,-8.56054282948922e-05
175,56.333166316151086,56.3709113358117,1.0000950644988646,-0.00010534686601250169
176,56.39457539371379,56.4384499531901,1.000112966296382,-0.00010148702523519815
177,56.379017364233306,56.41835829300831,1.000108326933212,-9.501672907317882e-05
178,56.34123906403042,56.386417164549165,1.0001133467068903,-0.00010577583450321478
179,56.27358309909354,56.31768992276291,1.0001167568324676,-0.00010102187550386279
180,56.42815793652516,56.464483510239525,1.000081281800988,-0.00011115127269380099
181,56.34528570441194,56.39683737866889,1.0001150205489482,-0.00011896083515763249
182,56.403373655224655,56.45853107023349,1.00012946497553,-0.00011015905904754101
183,56.48565801812328,56.52946666993894,1.0001083833728797,-0.00010393013769220564
184,56.4328425105321,56.48439518395773,1.0001237668497769,-0.00010732035262452632
185,56.50177240210934,56.55384572620381,1.0001324166614551,-9.562830723752101e-05
186,56.39927131879786,56.44126292509333,1.0001024275582042,-0.0001075190579587153
187,56.39962668441644,56.4508128517878,1.0001106874122896,-0.00012082383980670999
188,56.38367024690935,56.44260643893497,1.0001338487822706,-0.00011440087083390653
189,56.2896386561082,56.35801238461224,1.0001521352980594,-0.00011649568948364652
190,56.47984219724006,56.53291378167678,1.000139161373689,-8.92153752784937e-05
191,56.43717371428444,56.47842769422365,1.0001100743164362,-9.675708884182734e-05
192,56.4017872609104,56.45582589978872,1.0001286213043605,-0.00010853839280939647
193,56.32684534450806,56.36733620318835,1.0001129652942191,-9.415014297897759e-05
194,56.30502184917571,56.348393840157456,1.000103483128237,-0.00011208903725053574
195,56.315860466835666,56.35293715980011,1.0000919722903459,-0.00010677159047402928
196,56.60237035710453,56.644174007248594,1.0001142239088425,-8.890380433275001e-05
197,56.461416908223285,56.51448549113158,1.000124107302141,-0.00010971078515888599
198,56.342647231595734,56.38943905597977,1.0001270421865036,-9.350308904157276e-05
199,56.442276639120635,56.48628316074391,1.000116680704531,-9.624516580637068e-05
